{
  "collapse-filter": true,
  "search": "",
  "showTags": false,
  "showAttachments": false,
  "hideUnresolved": false,
  "showOrphans": true,
  "collapse-color-groups": false,
  "colorGroups": [
    {
      "query": "tag:#segnale ",
      "color": {
        "a": 1,
        "rgb": 14701138
      }
    },
    {
      "query": "tag:#fileI-O  ",
      "color": {
        "a": 1,
        "rgb": 14725458
      }
    },
    {
      "query": "tag:#filesystem  ",
      "color": {
        "a": 1,
        "rgb": 11657298
      }
    },
    {
      "query": "tag:#processo  ",
      "color": {
        "a": 1,
        "rgb": 5431378
      }
    },
    {
      "query": "tag:#shell  ",
      "color": {
        "a": 1,
        "rgb": 5431473
      }
    }
  ],
  "collapse-display": false,
  "showArrow": false,
  "textFadeMultiplier": 0,
  "nodeSizeMultiplier": 1,
  "lineSizeMultiplier": 1,
  "collapse-forces": false,
  "centerStrength": 0,
  "repelStrength": 11.375,
  "linkStrength": 0.80625,
  "linkDistance": 176,
  "scale": 0.12396731405421356,
  "close": false
}