{
  "main": {
    "id": "10c37044e2828d23",
    "type": "split",
    "children": [
      {
        "id": "50ece0d89d068633",
        "type": "tabs",
        "children": [
          {
            "id": "f0f0b2b6a02066dc",
            "type": "leaf",
            "state": {
              "type": "markdown",
              "state": {
                "file": "Segnale/segnale.md",
                "mode": "source",
                "source": false
              },
              "icon": "lucide-file",
              "title": "segnale"
            }
          }
        ]
      }
    ],
    "direction": "vertical"
  },
  "left": {
    "id": "aeb75759d1b283d4",
    "type": "split",
    "children": [
      {
        "id": "7dce84f429176d35",
        "type": "tabs",
        "children": [
          {
            "id": "9f61b3e6afa5aed5",
            "type": "leaf",
            "state": {
              "type": "file-explorer",
              "state": {
                "sortOrder": "byCreatedTime",
                "autoReveal": false
              },
              "icon": "lucide-folder-closed",
              "title": "Esplora risorse"
            }
          },
          {
            "id": "ea6d30ce4a0864e4",
            "type": "leaf",
            "state": {
              "type": "search",
              "state": {
                "query": "",
                "matchingCase": false,
                "explainSearch": false,
                "collapseAll": false,
                "extraContext": false,
                "sortOrder": "alphabetical"
              },
              "icon": "lucide-search",
              "title": "Ricerca"
            }
          },
          {
            "id": "b5ae5f8e64052a72",
            "type": "leaf",
            "state": {
              "type": "bookmarks",
              "state": {},
              "icon": "lucide-bookmark",
              "title": "Segnalibri"
            }
          }
        ]
      }
    ],
    "direction": "horizontal",
    "width": 200
  },
  "right": {
    "id": "2a3d6c1c294b482a",
    "type": "split",
    "children": [
      {
        "id": "c27d5ce7ac3e0d65",
        "type": "tabs",
        "children": [
          {
            "id": "4eb7df0beab0b492",
            "type": "leaf",
            "state": {
              "type": "backlink",
              "state": {
                "file": "shell Korn.md",
                "collapseAll": false,
                "extraContext": false,
                "sortOrder": "alphabetical",
                "showSearch": false,
                "searchQuery": "",
                "backlinkCollapsed": false,
                "unlinkedCollapsed": true
              },
              "icon": "links-coming-in",
              "title": "Riferimenti a shell Korn"
            }
          },
          {
            "id": "f1c5e3bd4a35d6b6",
            "type": "leaf",
            "state": {
              "type": "outgoing-link",
              "state": {
                "file": "shell Korn.md",
                "linksCollapsed": false,
                "unlinkedCollapsed": true
              },
              "icon": "links-going-out",
              "title": "Collegamenti in uscita da shell Korn"
            }
          },
          {
            "id": "5935d789c7310185",
            "type": "leaf",
            "state": {
              "type": "tag",
              "state": {
                "sortOrder": "frequency",
                "useHierarchy": true
              },
              "icon": "lucide-tags",
              "title": "Etichette"
            }
          },
          {
            "id": "8f77e32cef8e16c8",
            "type": "leaf",
            "state": {
              "type": "outline",
              "state": {
                "file": "shell Korn.md"
              },
              "icon": "lucide-list",
              "title": "Struttura di shell Korn"
            }
          }
        ]
      }
    ],
    "direction": "horizontal",
    "width": 300,
    "collapsed": true
  },
  "left-ribbon": {
    "hiddenItems": {
      "switcher:Apri selezione rapida": false,
      "graph:Apri vista grafo": false,
      "canvas:Crea nuova lavagna": false,
      "daily-notes:Apri nota del giorno": false,
      "templates:Inserisci modello": false,
      "command-palette:Apri riquadro comandi": false
    }
  },
  "active": "f0f0b2b6a02066dc",
  "lastOpenFiles": [
    "README.md",
    "Shell/shell.md",
    "img/Pasted image 20250324115717.png",
    "img/Pasted image 20250324100825.png",
    "Segnale/azione associata.md",
    "Segnale/SIGTOP.md",
    "I-O/execlp.md",
    "Segnale/SIGFPE.md",
    "img/Pasted image 20250324110629.png",
    "img/Pasted image 20250324140317.png",
    "img/Pasted image 20250324161212.png",
    "img/Pasted image 20250324163333.png",
    "img/Pasted image 20250324171250.png",
    "Segnale/alarm.md",
    "I-O/umask.md",
    "Segnale/nanosleep.md",
    "Segnale/SIGABRT.md",
    "Segnale/SIGSEGV.md",
    "Segnale/pgid.md",
    "Segnale/azioni di default del segnale.md",
    "Segnale/SIGALRM.md",
    "Segnale/SIGKILL.md",
    "img/Pasted image 20250322093119.png",
    "Segnale/segnale.md",
    "img/Pasted image 20250324171242.png",
    "img/Pasted image 20250324171235.png",
    "Segnale/SIGTTIN.md",
    "Segnale/sigprocmask().md",
    "Segnale/sigaction().md",
    "I-O/File I-O.md",
    "Segnale/abort.md",
    "Segnale/sleep.md",
    "Segnale/pause.md",
    "Processo/fork().md",
    "Segnale/kill.md",
    "Segnale",
    "Processo",
    "FileSystem",
    "I-O",
    "Shell",
    "img",
    "File I"
  ]
}