{
  "main": {
    "id": "10c37044e2828d23",
    "type": "split",
    "children": [
      {
        "id": "50ece0d89d068633",
        "type": "tabs",
        "children": [
          {
            "id": "534d7542f35545e8",
            "type": "leaf",
            "state": {
              "type": "markdown",
              "state": {
                "file": "File I-O.md",
                "mode": "preview",
                "source": false
              },
              "icon": "lucide-file",
              "title": "File I-O"
            }
          },
          {
            "id": "a3b833cbf32bd74e",
            "type": "leaf",
            "state": {
              "type": "markdown",
              "state": {
                "file": "Domande teoriche.md",
                "mode": "source",
                "source": false
              },
              "icon": "lucide-file",
              "title": "Domande teoriche"
            }
          },
          {
            "id": "ae8bc17a7cd7e513",
            "type": "leaf",
            "state": {
              "type": "release-notes",
              "state": {
                "currentVersion": "1.8.9"
              },
              "icon": "lucide-book-up",
              "title": "Release Notes 1.8.9"
            }
          }
        ],
        "currentTab": 2
      }
    ],
    "direction": "vertical"
  },
  "left": {
    "id": "aeb75759d1b283d4",
    "type": "split",
    "children": [
      {
        "id": "7dce84f429176d35",
        "type": "tabs",
        "children": [
          {
            "id": "9f61b3e6afa5aed5",
            "type": "leaf",
            "state": {
              "type": "file-explorer",
              "state": {
                "sortOrder": "alphabetical",
                "autoReveal": false
              },
              "icon": "lucide-folder-closed",
              "title": "Esplora risorse"
            }
          },
          {
            "id": "ea6d30ce4a0864e4",
            "type": "leaf",
            "state": {
              "type": "search",
              "state": {
                "query": "",
                "matchingCase": false,
                "explainSearch": false,
                "collapseAll": false,
                "extraContext": false,
                "sortOrder": "alphabetical"
              },
              "icon": "lucide-search",
              "title": "Ricerca"
            }
          },
          {
            "id": "b5ae5f8e64052a72",
            "type": "leaf",
            "state": {
              "type": "bookmarks",
              "state": {},
              "icon": "lucide-bookmark",
              "title": "Segnalibri"
            }
          }
        ]
      }
    ],
    "direction": "horizontal",
    "width": 300
  },
  "right": {
    "id": "2a3d6c1c294b482a",
    "type": "split",
    "children": [
      {
        "id": "c27d5ce7ac3e0d65",
        "type": "tabs",
        "children": [
          {
            "id": "4eb7df0beab0b492",
            "type": "leaf",
            "state": {
              "type": "backlink",
              "state": {
                "file": "shell Korn.md",
                "collapseAll": false,
                "extraContext": false,
                "sortOrder": "alphabetical",
                "showSearch": false,
                "searchQuery": "",
                "backlinkCollapsed": false,
                "unlinkedCollapsed": true
              },
              "icon": "links-coming-in",
              "title": "Riferimenti a shell Korn"
            }
          },
          {
            "id": "f1c5e3bd4a35d6b6",
            "type": "leaf",
            "state": {
              "type": "outgoing-link",
              "state": {
                "file": "shell Korn.md",
                "linksCollapsed": false,
                "unlinkedCollapsed": true
              },
              "icon": "links-going-out",
              "title": "Collegamenti in uscita da shell Korn"
            }
          },
          {
            "id": "5935d789c7310185",
            "type": "leaf",
            "state": {
              "type": "tag",
              "state": {
                "sortOrder": "frequency",
                "useHierarchy": true
              },
              "icon": "lucide-tags",
              "title": "Etichette"
            }
          },
          {
            "id": "8f77e32cef8e16c8",
            "type": "leaf",
            "state": {
              "type": "outline",
              "state": {
                "file": "shell Korn.md"
              },
              "icon": "lucide-list",
              "title": "Struttura di shell Korn"
            }
          }
        ]
      }
    ],
    "direction": "horizontal",
    "width": 300,
    "collapsed": true
  },
  "left-ribbon": {
    "hiddenItems": {
      "switcher:Apri selezione rapida": false,
      "graph:Apri vista grafo": false,
      "canvas:Crea nuova lavagna": false,
      "daily-notes:Apri nota del giorno": false,
      "templates:Inserisci modello": false,
      "command-palette:Apri riquadro comandi": false
    }
  },
  "active": "ae8bc17a7cd7e513",
  "lastOpenFiles": [
    "File I-O.md",
    "Domande teoriche.md",
    "chdir.md",
    "Pasted image 20250305165359.png",
    "Pasted image 20250305165348.png",
    "Pasted image 20250305165335.png",
    "Pasted image 20250305165316.png",
    "Pasted image 20250305165240.png",
    "Pasted image 20250305164958.png",
    "opendir.md",
    "Pasted image 20250305164933.png",
    "Pasted image 20250305164921.png",
    "mkdir.md",
    "Pasted image 20250305164623.png",
    "symlink.md",
    "Pasted image 20250305164427.png",
    "unlink.md",
    "link.md",
    "stat.md",
    "README.md",
    "File System.md",
    "I-node.md",
    "truncate.md",
    "struct stat.md",
    "chown.md",
    "chmod.md",
    "umask.md",
    "access.md",
    "sticky bit.md",
    "real group id.md",
    "Real User ID.md",
    "socket.md",
    "link simbolici.md",
    "FIFO.md",
    "file speciali a caratteri.md",
    "file speciali a blocco.md",
    "File I"
  ]
}